ASIN,SKU,count,item_price,sale_price,start,end
B0H822CVVL,RM-ASCV-DVA5,24,76.99,66.98,2026-07-20,2026-08-19
B0H827J2XZ,FX-AS2W-KHZT,24,76.99,66.98,2026-07-20,2026-08-19
B0H82B7GV5,PY-ASBM-WX6W,24,76.99,66.98,2026-07-20,2026-08-19
B0H82BCZ44,TQ-ASBR-96TC,24,76.99,66.98,2026-07-20,2026-08-19
B0H82J6V9T,AD-AS4H-QXZD,24,76.99,66.98,2026-07-20,2026-08-19
B0H82L945T,NS-ASSD-B3JJ,24,76.99,66.98,2026-07-20,2026-08-19
B0H82P651P,UJ-ASQ1-9FNR,24,76.99,66.98,2026-07-20,2026-08-19
B0H82S7TFG,GR-AS1P-DBB2,24,76.99,66.98,2026-07-20,2026-08-19
B0H82ZZS2P,AC-AS4J-B64F,24,76.99,66.98,2026-07-20,2026-08-19
B0H83QRV43,NC-ASPL-EXE8,24,76.99,66.98,2026-07-20,2026-08-19
B0H83XB855,EF-AS4A-JCLU,24,76.99,66.98,2026-07-20,2026-08-19
B0H83XV9WX,GX-ASTJ-WHV3,24,76.99,66.98,2026-07-20,2026-08-19
B0H83ZGN22,SV-AS87-D6SV,24,76.99,66.98,2026-07-20,2026-08-19
B0H83ZHZ4S,UE-ASA6-CLLY,24,76.99,66.98,2026-07-20,2026-08-19
B0H842HL49,BQ-ASUE-NT37,24,76.99,66.98,2026-07-20,2026-08-19
B0H843R64X,WK-AS7E-M3CE,24,76.99,66.98,2026-07-20,2026-08-19
B0H845HSDZ,TH-AS6D-CCES,24,76.99,66.98,2026-07-20,2026-08-19
B0H84621N6,JY-ASPW-LB4K,24,76.99,66.98,2026-07-20,2026-08-19
B0H84651LM,CE-ASGK-ZRHM,24,76.99,66.98,2026-07-20,2026-08-19
B0H84CDNQG,PP-AS23-SPLQ,24,76.99,66.98,2026-07-20,2026-08-19
B0H84G7DHC,AJ-ASRB-HKC3,24,76.99,66.98,2026-07-20,2026-08-19
B0H84PFKYC,SG-ASLB-M2DG,24,76.99,66.98,2026-07-20,2026-08-19
B0H84WQRXB,TY-AST2-JE9P,24,76.99,66.98,2026-07-20,2026-08-19
B0H84YZDB7,LU-ASK0-LSDF,24,76.99,66.98,2026-07-20,2026-08-19
B0H84Z9KWL,MP-ASYO-QNU2,24,76.99,66.98,2026-07-20,2026-08-19
B0H8511Y5G,YG-ASH6-BCXX,24,76.99,66.98,2026-07-20,2026-08-19
B0H8538L32,VN-AS6Q-5AE9,24,76.99,66.98,2026-07-20,2026-08-19
B0H853MCYZ,BH-AS7H-D4FV,24,76.99,66.98,2026-07-20,2026-08-19
B0H853VHRF,FM-AS51-S4MT,24,76.99,66.98,2026-07-20,2026-08-19
B0H854DM3X,UF-ASA1-GN5P,24,76.99,66.98,2026-07-20,2026-08-19
B0H856DWVS,SC-ASH8-4RQG,24,76.99,66.98,2026-07-20,2026-08-19
B0H856VWD6,VH-ASHZ-TJEE,24,76.99,66.98,2026-07-20,2026-08-19
B0H858GF4N,XW-ASSI-SZZT,24,76.99,66.98,2026-07-20,2026-08-19
B0H859N8VM,RB-ASVO-GYCY,24,76.99,66.98,2026-07-20,2026-08-19
B0H85B64V2,AG-ASKV-W9EN,24,76.99,66.98,2026-07-20,2026-08-19
B0H85CL8JD,VT-ASTH-B6LM,24,76.99,66.98,2026-07-20,2026-08-19
B0H85DG2JQ,QP-ASAD-PTLX,24,76.99,66.98,2026-07-20,2026-08-19
B0H85FY28F,VK-ASSB-3YFK,24,76.99,66.98,2026-07-20,2026-08-19
B0H85J88LJ,FN-ASVM-UWAG,24,76.99,66.98,2026-07-20,2026-08-19
B0H85JR6WN,RH-ASWA-ER34,24,76.99,66.98,2026-07-20,2026-08-19
B0H85MGP35,PJ-ASDX-E8LW,24,76.99,66.98,2026-07-20,2026-08-19
B0H85MXFH8,BD-AS8P-XAW5,24,76.99,66.98,2026-07-20,2026-08-19
B0H85P9F3R,TL-ASHN-ZRKG,24,76.99,66.98,2026-07-20,2026-08-19
B0H85RZDX5,VA-ASOK-QJCA,24,76.99,66.98,2026-07-20,2026-08-19
B0H8628LW3,AN-ASUW-49Y5,24,76.99,66.98,2026-07-20,2026-08-19
B0H86TVN3C,NM-ASEW-S2SK,24,76.99,66.98,2026-07-20,2026-08-19
B0H87748WJ,RS-AS47-M3K3,24,76.99,66.98,2026-07-20,2026-08-19
B0H8219Z7T,GG-ASNC-C9WA,30,85.99,74.81,2026-07-20,2026-08-19
B0H822TJ7C,JS-AS5F-QB8T,30,85.99,74.81,2026-07-20,2026-08-19
B0H82GJ292,GR-AS0R-YPCF,30,85.99,74.81,2026-07-20,2026-08-19
B0H82L3LRT,ZX-AS2C-GT8Q,30,85.99,74.81,2026-07-20,2026-08-19
B0H82LMD9Z,ZH-AS8W-G5MN,30,85.99,74.81,2026-07-20,2026-08-19
B0H82MT74H,EW-ASJ9-E79N,30,85.99,74.81,2026-07-20,2026-08-19
B0H82YMT6K,HU-ASMI-DN3X,30,85.99,74.81,2026-07-20,2026-08-19
B0H835T5HN,TP-AS91-8PAZ,30,85.99,74.81,2026-07-20,2026-08-19
B0H837HLKC,MP-ASZ9-TKE7,30,85.99,74.81,2026-07-20,2026-08-19
B0H891WSZ9,EW-ASWP-PMZX,30,85.99,74.81,2026-07-20,2026-08-19
B0H81WMJBP,XE-ASK1-BNRB,45,130.99,115.27,2026-07-20,2026-08-19
B0H82LKBYH,ZB-ASKL-9W8G,45,130.99,115.27,2026-07-20,2026-08-19
B0H82MSTD9,XJ-ASVD-CDMW,45,130.99,115.27,2026-07-20,2026-08-19
B0H82QYM85,VC-ASQE-L5Z5,45,130.99,115.27,2026-07-20,2026-08-19
B0H82SZSYJ,FV-AS47-EJZW,45,130.99,115.27,2026-07-20,2026-08-19
B0H82YRTS3,XV-ASEU-GDUX,45,130.99,115.27,2026-07-20,2026-08-19
B0H831MXGD,JL-ASUC-JUZE,45,130.99,115.27,2026-07-20,2026-08-19
B0H8361PYX,RR-ASG1-JVKV,45,130.99,115.27,2026-07-20,2026-08-19
B0H83FKSN6,DF-ASQT-BLUQ,45,130.99,115.27,2026-07-20,2026-08-19
B0H82PXWKS,EJ-ASCD-8K87,90,252.99,220.10,2026-07-20,2026-08-19
B0H82XBNVN,WK-AS2R-FJUW,90,252.99,220.10,2026-07-20,2026-08-19
B0H834L7P6,UD-AS9J-QNY6,90,252.99,220.10,2026-07-20,2026-08-19
B0H83B6TYP,QX-ASS6-4T4F,90,252.99,220.10,2026-07-20,2026-08-19
B0H83FYZR3,KP-ASYC-RN84,90,252.99,220.10,2026-07-20,2026-08-19
B0H83HNB3B,RQ-ASM7-T9NN,90,252.99,220.10,2026-07-20,2026-08-19
B0H83QW85C,HD-ASEQ-MFAY,90,252.99,220.10,2026-07-20,2026-08-19
B0H83VBTLT,DA-ASF0-D7RG,90,252.99,220.10,2026-07-20,2026-08-19
B0H83JJW1F,EX-ASC0-5CRL,120,297.99,259.25,2026-07-20,2026-08-19
B0H83MWTM7,AY-AS5F-JEY9,120,297.99,259.25,2026-07-20,2026-08-19
B0H83R4M3R,UY-AS5N-A2E4,120,297.99,259.25,2026-07-20,2026-08-19
B0H83S1LDG,YM-AS7P-ZX44,120,297.99,259.25,2026-07-20,2026-08-19
B0H83T9QZV,ZY-ASZ4-QM5U,120,297.99,259.25,2026-07-20,2026-08-19
B0H83TSB5J,ZC-ASDC-3QMV,120,297.99,259.25,2026-07-20,2026-08-19
B0H8422DQ1,CN-ASG6-892G,120,297.99,259.25,2026-07-20,2026-08-19
